Top pages,Clicks,Impressions,CTR,Position
https://husnihalim.com/,8,136,5.88%,6.18
https://husnihalim.com/hrdc-training/oee/,3,20,15%,7.05
https://husnihalim.com/hrdc-training/lean-manufacturing/,2,42,4.76%,13.05
https://husnihalim.com/consulting/,1,190,0.53%,21.92
https://husnihalim.com/hrdc-training/,1,135,0.74%,14.19
https://husnihalim.com/blog/oee-training-malaysia/,1,4,25%,6.75
https://husnihalim.com/oee-calculator/,0,288,0%,20.93
https://husnihalim.com/blog/why-kaizen-events-fail/,0,69,0%,8.87
https://husnihalim.com/blog/poka-yoke-implementation-problems/,0,34,0%,7.06
https://husnihalim.com/blog/visual-management-failures/,0,32,0%,12.56
https://husnihalim.com/hrdc-training/tqm/,0,22,0%,6.86
https://husnihalim.com/hrdc-training/kaizen/,0,21,0%,6.38
https://husnihalim.com/blog/kaizen-blitz-vs-kaizen-culture/,0,21,0%,7
https://husnihalim.com/production-line-improvement-malaysia/,0,6,0%,8.17
https://husnihalim.com/blog/,0,6,0%,18.33
https://husnihalim.com/kaizen/,0,5,0%,6
https://husnihalim.com/kaizen-champion,0,4,0%,4.5
https://husnihalim.com/blog/standard-work-implementation-problems/,0,3,0%,5.67
https://husnihalim.com/blog/improve-production-output-malaysian-factories/,0,2,0%,9.5
https://husnihalim.com/blog/pdca-implementation-problems/,0,2,0%,10
https://husnihalim.com/blog/production-line-downtime-causes-malaysia/,0,2,0%,40.5
https://husnihalim.com/blog/5s-implementation-problems/,0,1,0%,2
https://husnihalim.com/kaizenchampion/,0,1,0%,3