Top queries,Clicks,Impressions,CTR,Position
tpm training malaysia,0,70,0%,20.9
production line improvement malaysia,0,48,0%,25.94
oee calculator,0,44,0%,80.02
malaysia manufacturing consulting,0,32,0%,9.44
chazlim husni,0,23,0%,2.52
oee calculator food manufacturing,0,22,0%,21
husni halim,0,17,0%,4.41
manufacturing consulting services,0,12,0%,29.5
high-impact training consultancy in malaysia,0,3,0%,57.67
manufacturing consulting,0,3,0%,63
factory setup consultants,0,3,0%,83.67
kaizen champion,0,2,0%,4
yes,0,1,0%,4
manufacturing,0,1,0%,10
manufacturing consultants near me,0,1,0%,12
"""safran landing systems"" and (corrupt or bribe or fraud or scheme or 
counterfeit or conspire or extort or illegal or allege or crime or scandal 
or illicit or collude or blackmail or controversy)",0,1,0%,38
malaysia productivity improvement consulting,0,1,0%,58
production line downtime,0,1,0%,71
reduce errors visual management,0,1,0%,83
overall equipment effectiveness calculator,0,1,0%,93